{
    "$schema": "https://schema.management.azure.com/schemas/2019-04-01/deploymentTemplate.json#",
    "contentVersion": "1.0.0.0",
    "metadata": {
      "_generator": {
        "name": "bicep",
        "version": "0.5.6.12127",
        "templateHash": "17016281914347876853"
      }
    },
    "parameters": {
        "tenentId":{
            "type": "string",
                "metadata": {
                "description": "Name for the dd tenent"
                }
        },
        "clientid":{
            "type": "string",
                "metadata": {
                "description": "Name for the dd clienti"
                }
        },
        "ClientScret":{
            "type": "string",
                "metadata": {
                "description": "Name for the dd clienti"
                }
        },
      "name": {
        "type": "string",
        "defaultValue": "ddcontainer-z",
        "metadata": {
          "description": "Name for the container group"
        }
      },
      "image": {
        "type": "string",
        "defaultValue": "testdd.azurecr.io/samples/nginx:latest",
        "metadata": {
          "description": "Container image to deploy. Should be of the form repoName/imagename:tag for images stored in public Docker Hub, or a fully qualified URI for other registries. Images from private registries require additional registry credentials."
        }
      },
      "port": {
        "type": "int",
        "defaultValue": 80,
        "metadata": {
          "description": "Port to open on the container and the public IP address."
        }
      },
      "imageRegistryLoginServer":{
        "type": "string",
        "defaultValue": "testdd.azurecr.io"
      },
      "imageRegistryUsername":{
        "type": "string",
        "defaultValue": "testdd"
      },
      "imageRegistryPassword":{
        "type": "string",
        "defaultValue": "UONFzce1KCc263HFm=O4Aqwr+zWGWRvi"
      },
      "cpuCores": {
        "type": "int",
        "defaultValue": 1,
        "metadata": {
          "description": "The number of CPU cores to allocate to the container."
        }
      },
      "memoryInGb": {
        "type": "int",
        "defaultValue": 2,
        "metadata": {
          "description": "The amount of memory to allocate to the container in gigabytes."
        }
      },
      "restartPolicy": {
        "type": "string",
        "defaultValue": "Always",
        "allowedValues": [
          "Always",
          "Never",
          "OnFailure"
        ],
        "metadata": {
          "description": "The behavior of Azure runtime if container has stopped."
        }
      },
      "accountName": {
        "type": "string",
        "defaultValue": "[format('sql-{0}', uniqueString(resourceGroup().id))]",
        "metadata": {
          "description": "Cosmos DB account name, max length 44 characters, lowercase"
        }
      },
      "location": {
        "type": "string",
        "defaultValue": "[resourceGroup().location]",
        "metadata": {
          "description": "Location for the Cosmos DB account."
        }
      },
      "primaryRegion": {
        "type": "string",
        "metadata": {
          "description": "The primary region for the Cosmos DB account."
        }
      },
      "secondaryRegion": {
        "type": "string",
        "metadata": {
          "description": "The secondary region for the Cosmos DB account."
        }
      },
      "defaultConsistencyLevel": {
        "type": "string",
        "defaultValue": "Session",
        "allowedValues": [
          "Eventual",
          "ConsistentPrefix",
          "Session",
          "BoundedStaleness",
          "Strong"
        ],
        "metadata": {
          "description": "The default consistency level of the Cosmos DB account."
        }
      },
      "maxStalenessPrefix": {
        "type": "int",
        "defaultValue": 100000,
        "maxValue": 2147483647,
        "minValue": 10,
        "metadata": {
          "description": "Max stale requests. Required for BoundedStaleness. Valid ranges, Single Region: 10 to 2147483647. Multi Region: 100000 to 2147483647."
        }
      },
      "maxIntervalInSeconds": {
        "type": "int",
        "defaultValue": 300,
        "maxValue": 86400,
        "minValue": 5,
        "metadata": {
          "description": "Max lag time (minutes). Required for BoundedStaleness. Valid ranges, Single Region: 5 to 84600. Multi Region: 300 to 86400."
        }
      },
      "systemManagedFailover": {
        "type": "bool",
        "defaultValue": true,
        "metadata": {
          "description": "Enable system managed failover for regions"
        }
      },
      "databaseName": {
        "type": "string",
        "metadata": {
          "description": "The name for the database"
        }
      },
      "containerName": {
        "type": "string",
        "metadata": {
          "description": "The name for the container"
        }
      },
      "autoscaleMaxThroughput": {
        "type": "int",
        "defaultValue": 1000,
        "maxValue": 1000000,
        "minValue": 1000,
        "metadata": {
          "description": "Maximum autoscale throughput for the container"
        }
      }
    },
    "resources": [
      {
        "type": "Microsoft.ContainerInstance/containerGroups",
        "apiVersion": "2021-09-01",
        "name": "[parameters('name')]",
        "location": "[parameters('location')]",
        "properties": {
          "containers": [
            {
              "name": "[parameters('name')]",
              "properties": {
                "environmentVariables":[
                    {
                    "name": "tenentID",
                    "value": "[parameters('tenentId')]"
                },{
                    "name": "clientid",
                    "value": "[parameters('clientid')]"
                },
                {
                    "name": "clientScrent",
                    "value": "[parameters('ClientScret')]"
                }
            ],
                "image": "[parameters('image')]",
                "ports": [
                  {
                    "port": "[parameters('port')]",
                    "protocol": "TCP"
                  }
                ],
                "resources": {
                  "requests": {
                    "cpu": "[parameters('cpuCores')]",
                    "memoryInGB": "[parameters('memoryInGb')]"
                  }
                }
              }
            }
          ],
          "osType": "Linux",
          "restartPolicy": "[parameters('restartPolicy')]",
          "imageRegistryCredentials": [
            {
              "server": "[parameters('imageRegistryLoginServer')]",
              "username": "[parameters('imageRegistryUsername')]",
              "password": "[parameters('imageRegistryPassword')]"
            }
          ],
           "ipAddress": {
            "type": "Public",
            "ports": [
              {
                "port": "[parameters('port')]",
                "protocol": "TCP"
              }
            ]
          }
        }
      },
      {
        "type": "Microsoft.DocumentDB/databaseAccounts",
        "apiVersion": "2022-05-15",
        "name": "[toLower(parameters('accountName'))]",
        "kind": "GlobalDocumentDB",
        "location": "[parameters('location')]",
        "properties": {
          "consistencyPolicy": "[variables('consistencyPolicy')[parameters('defaultConsistencyLevel')]]",
          "locations": "[variables('locations')]",
          "databaseAccountOfferType": "Standard",
          "enableAutomaticFailover": "[parameters('systemManagedFailover')]"
        }
      },
      {
        "type": "Microsoft.DocumentDB/databaseAccounts/sqlDatabases",
        "apiVersion": "2022-05-15",
        "name": "[format('{0}/{1}', toLower(parameters('accountName')), parameters('databaseName'))]",
        "properties": {
          "resource": {
            "id": "[parameters('databaseName')]"
          }
        },
        "dependsOn": [
          "[resourceId('Microsoft.DocumentDB/databaseAccounts', toLower(parameters('accountName')))]"
        ]
      },
      {
        "type": "Microsoft.DocumentDB/databaseAccounts/sqlDatabases/containers",
        "apiVersion": "2022-05-15",
        "name": "[format('{0}/{1}/{2}', toLower(parameters('accountName')), parameters('databaseName'), parameters('containerName'))]",
        "properties": {
          "resource": {
            "id": "[parameters('containerName')]",
            "partitionKey": {
              "paths": [
                "/myPartitionKey"
              ],
              "kind": "Hash"
            },
            "indexingPolicy": {
              "indexingMode": "consistent",
              "includedPaths": [
                {
                  "path": "/*"
                }
              ],
              "excludedPaths": [
                {
                  "path": "/myPathToNotIndex/*"
                },
                {
                  "path": "/_etag/?"
                }
              ],
              "compositeIndexes": [
                [
                  {
                    "path": "/name",
                    "order": "ascending"
                  },
                  {
                    "path": "/age",
                    "order": "descending"
                  }
                ]
              ],
              "spatialIndexes": [
                {
                  "path": "/path/to/geojson/property/?",
                  "types": [
                    "Point",
                    "Polygon",
                    "MultiPolygon",
                    "LineString"
                  ]
                }
              ]
            },
            "defaultTtl": 86400,
            "uniqueKeyPolicy": {
              "uniqueKeys": [
                {
                  "paths": [
                    "/phoneNumber"
                  ]
                }
              ]
            }
          },
          "options": {
            "autoscaleSettings": {
              "maxThroughput": "[parameters('autoscaleMaxThroughput')]"
            }
          }}
      }
    ],
    "outputs": {
      "containerIPv4Address": {
        "type": "string",
        "value": "[reference(resourceId('Microsoft.ContainerInstance/containerGroups', parameters('name'))).ipAddress.ip]"
      }
    }
  }