{
    "$schema": "https://schema.management.azure.com/schemas/2019-04-01/deploymentTemplate.json#",
    "contentVersion": "1.0.0.0",
    "metadata": {
      "_generator": {
        "name": "bicep",
        "version": "0.5.6.12127",
        "templateHash": "17016281914347876853"
      }
    },
    "parameters": {
        "tenentId":{
            "type": "string",
                "metadata": {
                "description": "Name for the dd tenent"
                }
        },
        "clientid":{
            "type": "string",
                "metadata": {
                "description": "Name for the dd clienti"
                }
        },
        "ClientScret":{
            "type": "string",
                "metadata": {
                "description": "Name for the dd clienti"
                }
        },
      "name": {
        "type": "string",
        "defaultValue": "ddcontainer-z",
        "metadata": {
          "description": "Name for the container group"
        }
      },
      "location": {
        "type": "string",
        "defaultValue": "[resourceGroup().location]",
        "metadata": {
          "description": "Location for all resources."
        }
      },
      "image": {
        "type": "string",
        "defaultValue": "testdd.azurecr.io/samples/nginx:latest",
        "metadata": {
          "description": "Container image to deploy. Should be of the form repoName/imagename:tag for images stored in public Docker Hub, or a fully qualified URI for other registries. Images from private registries require additional registry credentials."
        }
      },
      "port": {
        "type": "int",
        "defaultValue": 80,
        "metadata": {
          "description": "Port to open on the container and the public IP address."
        }
      },
      "imageRegistryLoginServer":{
        "type": "string",
        "defaultValue": "testdd.azurecr.io"
      },
      "imageRegistryUsername":{
        "type": "string",
        "defaultValue": "testdd"
      },
      "imageRegistryPassword":{
        "type": "string",
        "defaultValue": "UONFzce1KCc263HFm=O4Aqwr+zWGWRvi"
      },
      "cpuCores": {
        "type": "int",
        "defaultValue": 1,
        "metadata": {
          "description": "The number of CPU cores to allocate to the container."
        }
      },
      "memoryInGb": {
        "type": "int",
        "defaultValue": 2,
        "metadata": {
          "description": "The amount of memory to allocate to the container in gigabytes."
        }
      },
      "restartPolicy": {
        "type": "string",
        "defaultValue": "Always",
        "allowedValues": [
          "Always",
          "Never",
          "OnFailure"
        ],
        "metadata": {
          "description": "The behavior of Azure runtime if container has stopped."
        }
      }
    },
    "resources": [
      {
        "type": "Microsoft.ContainerInstance/containerGroups",
        "apiVersion": "2021-09-01",
        "name": "[parameters('name')]",
        "location": "[parameters('location')]",
        "properties": {
          "containers": [
            {
              "name": "[parameters('name')]",
              "properties": {
                "environmentVariables":[
                    {
                    "name": "tenentID",
                    "value": "[parameters('tenentId')]"
                },{
                    "name": "clientid",
                    "value": "[parameters('clientid')]"
                },
                {
                    "name": "clientScrent",
                    "value": "[parameters('ClientScret')]"
                }
            ],
                "image": "[parameters('image')]",
                "ports": [
                  {
                    "port": "[parameters('port')]",
                    "protocol": "TCP"
                  }
                ],
                "resources": {
                  "requests": {
                    "cpu": "[parameters('cpuCores')]",
                    "memoryInGB": "[parameters('memoryInGb')]"
                  }
                }
              }
            }
          ],
          "osType": "Linux",
          "restartPolicy": "[parameters('restartPolicy')]",
          "imageRegistryCredentials": [
            {
              "server": "[parameters('imageRegistryLoginServer')]",
              "username": "[parameters('imageRegistryUsername')]",
              "password": "[parameters('imageRegistryPassword')]"
            }
          ],
           "ipAddress": {
            "type": "Public",
            "ports": [
              {
                "port": "[parameters('port')]",
                "protocol": "TCP"
              }
            ]
          }
        }
      }
    ],
    "outputs": {
      "containerIPv4Address": {
        "type": "string",
        "value": "[reference(resourceId('Microsoft.ContainerInstance/containerGroups', parameters('name'))).ipAddress.ip]"
      }
    }
  }