{
    "$schema": "https://schema.management.azure.com/schemas/2019-04-01/deploymentTemplate.json#",
    "contentVersion": "1.0.0.0",
    "parameters": {
      "storageAccountNamePrefix": {
        "type": "string",
        "maxLength": 11,
        "metadata": {
          "description": "Storage prefix must be maximum of 11 characters with only lowercase letters or numbers."
        }
      },
      "storageAccountType": {
        "type": "string"
      },
      "location": {
        "type": "string",
        "defaultValue": "[resourceGroup().location]"
      }
    },
    "variables": {
      "storageAccountName": "[concat(parameters('storageAccountNamePrefix'), uniqueString(resourceGroup().id))]"
    },
    "resources": [

    ],
    "outputs": {
     
    }
  }